Risk ID,Risk Description,Potential Impact,Tech Stack,Category of Risks
INF-SEC-001,"Insecure default administrator credentials (e.g., Administrator/Administrator) are not changed after installation.","Complete compromise of the Informatica domain, unauthorized data access, and malicious code execution.",Informatica,Security & Vulnerability Risks
INF-SEC-002,"Unencrypted communication between Informatica nodes, clients (PowerCenter), and source/target databases.","Man-in-the-middle attacks, credential sniffing, and sensitive data interception.",Informatica,Security & Vulnerability Risks
INF-SEC-003,Overly permissive user roles and privileges assigned within the Informatica domain.,"Unauthorized access to sensitive data, accidental or malicious modification of ETL jobs and workflows.",Informatica,Security & Vulnerability Risks
INF-SEC-004,Hardcoded credentials (usernames/passwords) for source/target systems within connection objects or parameter files.,"Credential exposure, unauthorized access to connected data sources, compliance violations (PCI-DSS, SOX).",Informatica,Security & Vulnerability Risks
INF-SEC-005,Failure to regularly patch Informatica PowerCenter/IDQ/IICS to address known vulnerabilities (CVEs).,"System compromise through exploitation of known vulnerabilities, leading to data breaches or service disruption.",Informatica,Security & Vulnerability Risks
INF-SEC-006,Inadequate logging and monitoring of administrative actions and data access within the Informatica platform.,"Inability to detect or investigate security incidents, breaches, or unauthorized activities.",Informatica,Security & Vulnerability Risks
INF-SEC-007,Improper handling of sensitive data (PII, PHI) in transit or at rest within staging files or logs.,"Data leakage, non-compliance with data protection regulations like GDPR and CCPA.",Informatica,Security & Vulnerability Risks
INF-SEC-008,Use of weak encryption ciphers for securing the domain or connections.,"Data can be decrypted by attackers, rendering security controls ineffective.",Informatica,Security & Vulnerability Risks
INF-SEC-009,Lack of network segmentation between the Informatica servers and other corporate network zones.,"Lateral movement by attackers, allowing a compromise in another system to spread to the data integration layer.",Informatica,Security & Vulnerability Risks
INF-SEC-010,Vulnerabilities in third-party libraries or drivers (e.g., JDBC/ODBC drivers) used by Informatica.,Exploitation of driver vulnerabilities to gain access to the underlying server or connected databases.,Informatica,Security & Vulnerability Risks
INF-SEC-011,"Insecure file permissions on the Informatica server for logs, parameter files, and cache directories.",Unauthorized users can read sensitive data from logs/files or modify job configurations.,Informatica,Security & Vulnerability Risks
INF-SEC-012,Cross-Site Scripting (XSS) vulnerabilities in the Informatica Administrator console or Analyst tool web interfaces.,"Session hijacking of administrative users, unauthorized actions performed on their behalf.",Informatica,Security & Vulnerability Risks
INF-SEC-013,Failure to implement multi-factor authentication (MFA) for administrative access.,Increased risk of account takeover through credential theft or phishing.,Informatica,Security & Vulnerability Risks
INF-SEC-014,"Data masking or tokenization not applied to non-production environments, exposing sensitive data to developers and testers.","Internal data breach, compliance violations, increased risk of data exfiltration.",Informatica,Security & Vulnerability Risks
INF-SEC-015,Command injection vulnerabilities through improperly sanitized parameters used in pre/post-session shell commands.,Arbitrary command execution on the Informatica server with the privileges of the Informatica service account.,Informatica,Security & Vulnerability Risks
INF-SEC-016,"Lack of a centralized secrets management solution (e.g., HashiCorp Vault, CyberArk) for database credentials.","Credential sprawl, difficulty in rotating passwords, increased risk of credential leakage.",Informatica,Security & Vulnerability Risks
INF-SEC-017,"Improper session management in web-based Informatica tools, leading to session fixation or hijacking.",Unauthorized access to user sessions and assumption of their privileges.,Informatica,Security & Vulnerability Risks
INF-SEC-018,"Exposure of Informatica server ports (e.g., node port, service manager port) to untrusted networks.","Direct attacks on Informatica services, denial-of-service, unauthorized connection attempts.",Informatica,Security & Vulnerability Risks
INF-SEC-019,Service accounts with non-expiring passwords and excessive permissions on the operating system.,A compromised service account provides a persistent foothold for an attacker.,Informatica,Security & Vulnerability Risks
INF-SEC-020,"Inadequate security validation on data quality rules, potentially allowing malicious data to bypass controls.","Corruption of downstream systems, introduction of attack payloads into trusted data stores.",Informatica,Security & Vulnerability Risks
INF-SEC-021,XML External Entity (XXE) injection vulnerabilities in services that process XML-based data or configurations.,"Server-side request forgery (SSRF), information disclosure, denial-of-service.",Informatica,Security & Vulnerability Risks
INF-SEC-022,"Lack of egress filtering from the Informatica server, allowing exfiltration of data to external endpoints.","Data theft, inability to contain a breach.",Informatica,Security & Vulnerability Risks
INF-SEC-023,Failure to disable or secure the Informatica support account after use.,Backdoor access to the system if the account credentials are not properly managed.,Informatica,Security & Vulnerability Risks
INF-SEC-024,"Insecure configuration of High Availability (HA) features, such as unencrypted communication between nodes.",Interception of state information or credentials during failover events.,Informatica,Security & Vulnerability Risks
INF-SEC-025,Audit logs are not protected from tampering or deletion by privileged users.,"Attackers can cover their tracks, making forensic investigation impossible.",Informatica,Security & Vulnerability Risks
INF-PERF-001,"Poorly designed ETL mappings with inefficient transformations (e.g., excessive use of blocking transformations like Sorter, Aggregator).","Extremely long batch windows, missed SLAs, excessive CPU and memory consumption on the server.",Informatica,Performance & Scalability Risks
INF-PERF-002,"Inadequate hardware sizing (CPU, RAM, I/O) for the Integration Service node, leading to resource contention.","Session failures, slow performance across all running jobs, inability to meet processing demands.",Informatica,Performance & Scalability Risks
INF-PERF-003,Repository database becomes a bottleneck due to high number of concurrent jobs or inefficient queries from the client tools.,"Slow metadata access, delays in starting jobs, client tools become unresponsive.",Informatica,Performance & Scalability Risks
INF-PERF-004,Network latency between the Informatica server and source/target databases.,"Significant degradation in read/write throughput, extending job execution times.",Informatica,Performance & Scalability Risks
INF-PERF-005,Improper partitioning strategy or lack of partitioning for large data volume jobs.,"Inability to leverage parallel processing, leading to sequential data handling and poor scalability.",Informatica,Performance & Scalability Risks
INF-PERF-006,"Session cache sizes (e.g., DTM buffer size, buffer block size) are not tuned for the data volume and transformations.","Excessive disk I/O (cache spilling), reduced transformation speed, and overall poor performance.",Informatica,Performance & Scalability Risks
INF-PERF-007,Full table scans on source databases due to un-indexed filter columns or non-optimized SQL overrides.,"Massive performance degradation at the source, impacting both the ETL job and the source application.",Informatica,Performance & Scalability Risks
INF-PERF-008,Row-by-row processing (e.g., using unconnected lookups in a loop) instead of set-based processing.,Exponential increase in execution time as data volume grows; severe lack of scalability.,Informatica,Performance & Scalability Risks
INF-PERF-009,Contention for resources on a single Integration Service node running multiple high-demand workflows simultaneously.,"Unpredictable job performance, resource starvation for lower-priority jobs.",Informatica,Performance & Scalability Risks
INF-PERF-010,Using Informatica transformations for operations that could be pushed down to the source or target database.,"Moving large volumes of data over the network unnecessarily, failing to leverage the power of the underlying database.",Informatica,Performance & Scalability Risks
INF-PERF-011,Growth of the repository database over time leads to slow metadata queries and operational overhead.,"Slowdowns in the Admin Console, deployment activities, and job initialization.",Informatica,Performance & Scalability Risks
INF-PERF-012,"Inefficient data type conversions within mappings, causing processing overhead.","Increased CPU usage, subtle performance degradation that accumulates over many transformations.",Informatica,Performance & Scalability Risks
INF-PERF-013,"Lack of a scalable architecture (e.g., single node vs. a grid), preventing the platform from handling future growth.",Costly and disruptive architectural redesign required when processing needs exceed current capacity.,Informatica,Performance & Scalability Risks
INF-PERF-014,"High latency lookups on large, uncached lookup tables.",The lookup transformation becomes the primary bottleneck for the entire data flow.,Informatica,Performance & Scalability Risks
INF-PERF-015,Verbose tracing levels (e.g., 'Verbose Data') left enabled in production environments.,"Significant performance overhead due to excessive I/O for writing detailed logs, rapid consumption of disk space.",Informatica,Performance & Scalability Risks
INF-PERF-016,Failure to use bulk loading capabilities of the target database.,"Extremely slow data loading, high transaction log usage on the target database.",Informatica,Performance & Scalability Risks
INF-PERF-017,Complex session logic implemented in pre/post-session shell scripts instead of within the mapping.,"Difficulty in performance tuning, lack of visibility into script execution time, potential for OS-level bottlenecks.",Informatica,Performance & Scalability Risks
INF-PERF-018,"Real-time or web services jobs consuming all available resources, impacting batch workloads.","SLA misses for critical batch processes, unpredictable service levels for real-time requests.",Informatica,Performance & Scalability Risks
INF-PERF-019,"File system performance issues on the server hosting cache, source, or target files.","I/O wait becomes the main bottleneck, slowing down any job that reads from or writes to disk.",Informatica,Performance & Scalability Risks
INF-PERF-020,Improper configuration of Java heap size for Java transformations or services like the Analyst Service.,"Frequent garbage collection pauses, 'OutOfMemoryError' exceptions, and service instability.",Informatica,Performance & Scalability Risks
INF-PERF-021,Using Data Quality (IDQ) transformations for simple tasks that could be done with cheaper PowerCenter transformations.,Unnecessary CPU overhead and licensing costs.,Informatica,Performance & Scalability Risks
INF-PERF-022,"Scheduler contention, where too many jobs are scheduled to start at the exact same time (e.g., midnight).","Throttling at the repository and integration service level, causing a cascade of delays.",Informatica,Performance & Scalability Risks
INF-PERF-023,"Dynamic lookup cache that grows too large, consuming all available memory.","Session failure due to memory allocation errors, impact on other processes on the server.",Informatica,Performance & Scalability Risks
INF-PERF-024,Lack of connection pooling or misconfigured connection pooling for database connections.,"High overhead for establishing new connections for each job, potential for connection exhaustion on the database.",Informatica,Performance & Scalability Risks
INF-PERF-025,Scalability limitations of on-premise infrastructure compared to cloud-native solutions (e.g., IICS on a hyperscaler).,"Inability to elastically scale resources to meet peak demand, leading to performance bottlenecks or over-provisioning costs.",Informatica,Performance & Scalability Risks
INF-DDE-001,"Lack of standardized development frameworks, templates, and naming conventions.","Inconsistent, unmaintainable code; high learning curve for new developers; difficulty in debugging.",Informatica,Design & Developer Experience
INF-DDE-002,"Overuse of complex, monolithic mappings and workflows instead of modular, reusable components.","Difficult to test, modify, and reuse logic; changes have a high risk of unintended side effects.",Informatica,Design & Developer Experience
INF-DDE-003,"Absence of a version control system (e.g., Git, SVN) for managing ETL code.","No audit trail for changes, inability to roll back to previous versions, conflicts in team-based development.",Informatica,Design & Developer Experience
INF-DDE-004,Poorly defined or non-existent error handling and reprocessing strategies within jobs.,Silent data loss or corruption; manual, time-consuming effort required to recover from failures.,Informatica,Design & Developer Experience
INF-DDE-005,Business logic embedded directly in transformations rather than using parameter files or reference tables.,Requires code changes and deployments for simple business rule updates; lack of agility.,Informatica,Design & Developer Experience
INF-DDE-006,"Inadequate documentation for mappings, workflows, and business rules.","Increased developer onboarding time, dependency on specific individuals, risk of incorrect modifications.",Informatica,Design & Developer Experience
INF-DDE-007,Lack of a structured peer review process for all ETL code changes.,"Low code quality, propagation of defects and bad practices into production.",Informatica,Design & Developer Experience
INF-DDE-008,Developers having direct deployment access to production environments.,"Circumvention of testing and approval processes, leading to production failures and compliance issues.",Informatica,Design & Developer Experience
INF-DDE-009,"Inconsistent use of mapplets, reusable transformations, and shared sources/targets.","Code duplication, increased maintenance effort, inconsistencies in applying common logic.",Informatica,Design & Developer Experience
INF-DDE-010,"Difficulty in setting up and maintaining local development environments, leading to shared, unstable dev servers.","Developers overwriting each other's work, inability to test changes in isolation.",Informatica,Design & Developer Experience
INF-DDE-011,Using outdated versions of PowerCenter client tools that are incompatible or buggy.,"Lost productivity, unexpected client crashes, inability to use new repository features.",Informatica,Design & Developer Experience
INF-DDE-012,Absence of an automated unit testing framework for Informatica mappings.,"Testing is manual, error-prone, and time-consuming; regressions are not caught early.",Informatica,Design & Developer Experience
INF-DDE-013,Complex dependency management between workflows without using a proper enterprise scheduler.,"'Daisy-chaining' workflows is brittle and hard to manage; failures require complex manual interventions.",Informatica,Design & Developer Experience
INF-DDE-014,"Lack of a clear data lineage visualization, making it difficult to trace data from source to target.","Impact analysis for changes is difficult and inaccurate; troubleshooting data issues is slow.",Informatica,Design & Developer Experience
INF-DDE-015,"Developers lack direct, read-only access to source/target data for analysis and debugging.",Slow development cycles due to dependency on DBAs or data owners for simple data validation.,Informatica,Design & Developer Experience
INF-DDE-016,Mixing of different architectural patterns (e.g., ETL, ELT) without clear guidelines.,"Confusing and inefficient designs; performance issues due to inappropriate pattern selection.",Informatica,Design & Developer Experience
INF-DDE-017,No formal training program for new developers on platform standards and best practices.,"Perpetuation of anti-patterns, low initial productivity, inconsistent code quality.",Informatica,Design & Developer Experience
INF-DDE-018,The PowerCenter client's 'fat client' architecture is cumbersome for remote work and modern DevOps CI/CD pipelines.,"Poor developer experience, challenges with automation, reliance on manual deployment steps.",Informatica,Design & Developer Experience
INF-DDE-019,Using hardcoded file paths and server names instead of parameterizing them.,Code is not portable across environments (Dev, QA, Prod); requires manual changes for each deployment.,Informatica,Design & Developer Experience
INF-DDE-020,"Lack of a centralized, searchable knowledge base for common issues and solutions.","Developers repeatedly solve the same problems, leading to wasted effort and reduced productivity.",Informatica,Design & Developer Experience
INF-DDE-021,"Inadequate data profiling before development, leading to incorrect assumptions about source data.","Rework, data quality issues, and job failures discovered late in the development cycle.",Informatica,Design & Developer Experience
INF-DDE-022,Design does not account for late-arriving data in source systems.,"Incomplete or inaccurate reporting, requires manual data reprocessing.",Informatica,Design & Developer Experience
INF-DDE-023,Abuse of SQL overrides to contain complex business logic that should be in the mapping.,Logic is hidden and not visible in the mapping design; bypasses Informatica's transformation engine.,Informatica,Design & Developer Experience
INF-DDE-024,"Failure to design for idempotency, making it unsafe to re-run failed jobs.",Data duplication or incorrect updates if a job is restarted after a partial failure.,Informatica,Design & Developer Experience
INF-DDE-025,"Developer friction and dissatisfaction due to outdated tools and manual processes, leading to attrition.","Loss of institutional knowledge, difficulty in hiring talent, project delays.",Informatica,Design & Developer Experience
INF-GOV-001,"Lack of a formal Data Governance program to define data ownership, stewardship, and quality rules.","Inconsistent data definitions, poor data quality, lack of accountability for data issues.",Informatica,Governance & Operational Risks
INF-GOV-002,"No automated CI/CD pipeline for deploying Informatica code, relying on manual, error-prone processes.","Deployment errors, lack of repeatability, slow release cycles, compliance violations.",Informatica,Governance & Operational Risks
INF-GOV-003,Absence of a formal change management process for production releases.,Unauthorized or untested changes causing production outages and data corruption.,Informatica,Governance & Operational Risks
INF-GOV-004,Inadequate backup and disaster recovery (DR) strategy for the Informatica domain and repository.,"Inability to recover the service in case of catastrophic failure, leading to extended downtime and data loss.",Informatica,Governance & Operational Risks
INF-GOV-005,"License usage is not monitored, leading to non-compliance with Informatica license agreements or over-provisioning.","Unexpected true-up costs, legal risks, or paying for unused features.",Informatica,Governance & Operational Risks
INF-GOV-006,"Metadata is not actively managed or published, leading to a lack of trust in data lineage and definitions.",Business users cannot find or trust data; 'data swamp' phenomenon.,Informatica,Governance & Operational Risks
INF-GOV-007,Operational monitoring is purely reactive; no proactive alerting for potential issues (e.g., long-running jobs, low disk space).,Issues are only detected after they cause a failure and impact business users.,Informatica,Governance & Operational Risks
INF-GOV-008,"High operational overhead for maintaining on-premise Informatica infrastructure (patching, upgrades, hardware).",High total cost of ownership (TCO); operations team is bogged down with maintenance instead of value-add activities.,Informatica,Governance & Operational Risks
INF-GOV-009,Lack of a clear support model and escalation path for production job failures.,"Delayed incident resolution, prolonged business impact, confusion over responsibilities.",Informatica,Governance & Operational Risks
INF-GOV-010,"Inconsistent environment management, leading to configuration drift between Dev, QA, and Prod.","Code that works in QA fails in Prod, leading to deployment rollbacks and delays.",Informatica,Governance & Operational Risks
INF-GOV-011,"Failure to regularly purge old logs and repository versions, leading to performance degradation and disk space issues.","Service outages due to full file systems, slow repository performance.",Informatica,Governance & Operational Risks
INF-GOV-012,No process for identifying and decommissioning unused or redundant ETL jobs.,"Wasted server resources, increased maintenance overhead, confusion for developers.",Informatica,Governance & Operational Risks
INF-GOV-013,"Data quality metrics are not captured, trended, or reported to business stakeholders.",Lack of visibility into the health of critical data assets; data quality issues go unaddressed.,Informatica,Governance & Operational Risks
INF-GOV-014,Vendor lock-in due to heavy reliance on proprietary Informatica features and transformations.,High cost and complexity to migrate to a different data integration platform in the future.,Informatica,Governance & Operational Risks
INF-GOV-015,"Lack of a centralized and automated scheduling tool, leading to fragmented job scheduling (e.g., cron, Windows Scheduler).","No central view of job dependencies and status, difficult to manage and troubleshoot.",Informatica,Governance & Operational Risks
INF-GOV-016,"Inadequate DR testing, leading to failure of the recovery plan during a real disaster.",Failure to meet Recovery Time Objective (RTO) and Recovery Point Objective (RPO) commitments.,Informatica,Governance & Operational Risks
INF-GOV-017,The roles and responsibilities of the platform operations team vs. the development team are not clearly defined.,"Finger-pointing during incidents, gaps in monitoring and maintenance.",Informatica,Governance & Operational Risks
INF-GOV-018,Informatica platform is not included in the scope of regular internal or external security audits.,Security and compliance gaps go undetected until a breach occurs.,Informatica,Governance & Operational Risks
INF-GOV-019,No formal capacity planning process to forecast future resource needs.,Unexpected performance degradation or capital expenditure when resource limits are hit.,Informatica,Governance & Operational Risks
INF-GOV-020,"Service Level Agreements (SLAs) for data delivery are not formally defined, tracked, or reported.",Misaligned expectations between IT and the business; no objective measure of service performance.,Informatica,Governance & Operational Risks
INF-GOV-021,Lack of a data classification policy to identify and tag sensitive data within Informatica.,"Inability to apply appropriate security controls, leading to compliance risks.",Informatica,Governance & Operational Risks
INF-GOV-022,The cost of running the Informatica platform is not transparent or charged back to the business units consuming the service.,No incentive for business units to decommission unused jobs or optimize inefficient ones.,Informatica,Governance & Operational Risks
INF-GOV-023,Dependency on a small number of 'hero' administrators or developers with deep knowledge of the platform.,"High 'key person' risk; operational and development activities halt if they are unavailable.",Informatica,Governance & Operational Risks
INF-GOV-024,Informatica platform upgrades are frequently delayed due to complexity and perceived risk.,"Falling out of vendor support, inability to get security patches, missing out on new features.",Informatica,Governance & Operational Risks
INF-GOV-025,"No governance over the creation of new connections, leading to a sprawl of unmanaged data sources.",Security risks from connections to untrusted sources; operational burden of managing numerous connections.,Informatica,Governance & Operational Risks
INF-AI-001,Informatica's traditional batch ETL processing introduces high latency, making it unsuitable for real-time AI/ML model inference.,Inability to support use cases requiring immediate predictions; models operate on stale data.,Informatica,AI & Data Engineering Specific Risks
INF-AI-002,Data quality issues (incompleteness, inaccuracies) from source systems are propagated by ETL jobs into ML training datasets.,"Garbage In, Garbage Out; biased or inaccurate AI models, flawed business decisions.",Informatica,AI & Data Engineering Specific Risks
INF-AI-003,"Lack of integration with modern MLOps pipelines for feature engineering, model training, and deployment.","Manual, disjointed workflow between data engineering (Informatica) and data science (Python, etc.), slowing down experimentation.",Informatica,AI & Data Engineering Specific Risks
INF-AI-004,"Informatica may struggle to process and transform unstructured or semi-structured data (e.g., images, text, JSON) required for many AI models.","Data scientists must build separate, parallel data pipelines, creating data silos and duplicated effort.",Informatica,AI & Data Engineering Specific Risks
INF-AI-005,"Feature engineering logic is 'locked' within Informatica mappings, making it difficult for data scientists to understand, replicate, or modify in their own environments.","Lack of transparency, hinders model explainability and iteration.",Informatica,AI & Data Engineering Specific Risks
INF-AI-006,The on-premise nature of traditional Informatica limits the ability to scale compute resources elastically for large-scale data preparation for model training.,"Data preparation becomes a major bottleneck, extending the time-to-market for new AI models.",Informatica,AI & Data Engineering Specific Risks
INF-AI-007,"No native support for data science-centric formats like Parquet or Avro, leading to inefficient data transfers to ML platforms.","Slow data loading into ML frameworks (e.g., Spark, TensorFlow); loss of schema evolution benefits.",Informatica,AI & Data Engineering Specific Risks
INF-AI-008,"Data lineage provided by Informatica may not extend into the ML model, breaking the end-to-end audit trail.","Inability to trace a model's prediction back to its source data, which is critical for regulatory compliance and debugging.",Informatica,AI & Data Engineering Specific Risks
INF-AI-009,"Informatica jobs are not designed to handle the versioning of datasets, which is crucial for reproducibility in machine learning.","Inability to recreate the exact dataset used to train a specific model version, hindering debugging and compliance.",Informatica,AI & Data Engineering Specific Risks
INF-AI-010,The skillset of traditional Informatica developers often does not overlap with data science and AI/ML engineering requirements.,"Cultural and technical gap between data engineering and data science teams, causing friction and project delays.",Informatica,AI & Data Engineering Specific Risks
INF-AI-011,Difficulty in operationalizing model predictions by feeding them back into source systems via Informatica in a timely manner.,"Insights from AI models are not integrated into business processes, limiting their value.",Informatica,AI & Data Engineering Specific Risks
INF-AI-012,Informatica's data masking is not sufficient to create anonymized yet statistically relevant datasets for model training.,Models trained on poorly anonymized data may be biased or less accurate; privacy risks remain.,Informatica,AI & Data Engineering Specific Risks
INF-AI-013,"The platform lacks capabilities for data exploration and visualization, forcing data scientists to extract data to other tools.",Inefficient and fragmented data analysis workflow.,Informatica,AI & Data Engineering Specific Risks
INF-AI-014,Informatica's processing model is not well-suited for the iterative, experimental nature of feature engineering.,"Slows down the cycle of hypothesis, feature creation, and testing, which is core to data science.",Informatica,AI & Data Engineering Specific Risks
INF-AI-015,"Lack of a 'feature store' concept, leading to redundant feature calculation across different projects and teams.","Wasted compute resources, inconsistent feature definitions, and slower model development.",Informatica,AI & Data Engineering Specific Risks
INF-AI-016,The cost model of Informatica (CPU-based) can be prohibitive for the heavy computational demands of data prep for large AI models.,"Data engineering for AI becomes excessively expensive, limiting the scope of projects.",Informatica,AI & Data Engineering Specific Risks
INF-AI-017,Informatica's error handling is batch-oriented and may not be suitable for handling feedback loops from online learning models.,Inability to support advanced AI paradigms like reinforcement learning or online training.,Informatica,AI & Data Engineering Specific Risks
INF-AI-018,Data governance policies defined in Informatica are not automatically enforced in downstream data science environments.,Compliance and security gaps; data scientists may inadvertently misuse sensitive data.,Informatica,AI & Data Engineering Specific Risks
INF-AI-019,The platform is not designed to manage the lifecycle of AI models (e.g., champion/challenger testing, drift detection).,"Requires a separate MLOps platform, and the integration between the two can be complex and brittle.",Informatica,AI & Data Engineering Specific Risks
INF-AI-020,Transformations in Informatica may inadvertently introduce bias into the training data (e.g., by how nulls or outliers are handled).,"AI models exhibit unfair or discriminatory behavior, leading to reputational and legal risks.",Informatica,AI & Data Engineering Specific Risks
INF-AI-021,Informatica's metadata is not easily consumable by automated ML (AutoML) platforms to inform feature selection.,"AutoML tools cannot leverage valuable metadata, leading to suboptimal model performance.",Informatica,AI & Data Engineering Specific Risks
INF-AI-022,"The platform is seen as a legacy 'black box' by data scientists, leading to a lack of trust and adoption for AI projects.","Shadow IT emerges as data scientists build their own data pipelines, undermining enterprise data governance.",Informatica,AI & Data Engineering Specific Risks
INF-AI-023,Difficulty in joining and integrating data from modern, streaming sources (e.g., Kafka) with traditional batch data within Informatica.,"AI models cannot be built on a complete, real-time view of the business.",Informatica,AI & Data Engineering Specific Risks
INF-AI-024,The data integration logic does not account for capturing data for model monitoring (e.g., prediction inputs and outputs).,Inability to detect model drift or performance degradation over time.,Informatica,AI & Data Engineering Specific Risks
INF-AI-025,"Informatica Cloud (IICS) may offer better AI/ML integration, but migrating complex on-premise logic is a significant undertaking.",The organization is stuck with a legacy platform that hinders AI innovation due to the high cost of modernization.,Informatica,AI & Data Engineering Specific Risks
SQL-SEC-001,"SQL Injection vulnerabilities in applications, allowing attackers to execute arbitrary SQL code.","Data breach, data corruption, denial of service, and complete host system takeover.",SQL,Security & Vulnerability Risks
SQL-SEC-002,Over-privileged database accounts used by applications or users (e.g., 'sa', 'dbo' rights).,A compromise of the application leads to a full compromise of the database; violation of least privilege principle.,SQL,Security & Vulnerability Risks
SQL-SEC-003,"Weak or default passwords for database accounts, especially for system accounts.",Unauthorized access through brute-force or dictionary attacks.,SQL,Security & Vulnerability Risks
SQL-SEC-004,"Unpatched database servers, leaving them vulnerable to publicly known exploits.","System compromise, data exfiltration, or ransomware attacks.",SQL,Security & Vulnerability Risks
SQL-SEC-005,Sensitive data (PII, credentials) stored in clear text within tables.,Data breach exposes sensitive information directly; non-compliance with GDPR, PCI-DSS.,SQL,Security & Vulnerability Risks
SQL-SEC-006,Database ports exposed to the public internet or untrusted internal networks.,"Direct attacks on the database server, increased attack surface.",SQL,Security & Vulnerability Risks
SQL-SEC-007,"Inadequate auditing and logging of database activity, especially privileged actions.","Inability to detect or investigate security incidents, attackers can operate undetected.",SQL,Security & Vulnerability Risks
SQL-SEC-008,Unencrypted data in transit between the application and the database server.,Eavesdropping attacks can capture sensitive data and credentials.,SQL,Security & Vulnerability Risks
SQL-SEC-009,"Unnecessary database features, services, or sample databases enabled (e.g., xp_cmdshell, SQL Browser Service).",Increases the attack surface and provides additional vectors for privilege escalation.,SQL,Security & Vulnerability Risks
SQL-SEC-010,Backups are not encrypted or are stored in an insecure location.,A stolen backup file results in a full data breach.,SQL,Security & Vulnerability Risks
SQL-SEC-011,"Insecure object permissions, allowing low-privilege users to access or modify data they shouldn't.","Unauthorized data access or modification, privilege escalation.",SQL,Security & Vulnerability Risks
SQL-SEC-012,Cross-database ownership chaining or 'TRUSTWORTHY' database setting enabled without justification.,Allows for privilege escalation attacks across database boundaries.,SQL,Security & Vulnerability Risks
SQL-SEC-013,Failure to implement column-level encryption or dynamic data masking for sensitive data columns.,"Privileged users (like DBAs) can view sensitive data, violating separation of duties.",SQL,Security & Vulnerability Risks
SQL-SEC-014,Hardcoded connection strings with credentials in application code or configuration files.,Credential leakage if the source code or configuration files are compromised.,SQL,Security & Vulnerability Risks
SQL-SEC-015,Lack of multi-factor authentication for DBA accounts.,Higher risk of administrative account takeover.,SQL,Security & Vulnerability Risks
SQL-SEC-016,"Denial of Service (DoS) vulnerabilities, where a crafted query can crash the database service.",Service unavailability for all applications relying on the database.,SQL,Security & Vulnerability Risks
SQL-SEC-017,Insecure password policies (no complexity, rotation, or history).,Weak passwords are easily guessed or cracked.,SQL,Security & Vulnerability Risks
SQL-SEC-018,Audit logs are not protected from modification or deletion.,"An attacker can erase their tracks, preventing forensic analysis.",SQL,Security & Vulnerability Risks
SQL-SEC-019,Using shared accounts for multiple users or applications.,"Loss of individual accountability, inability to trace actions to a specific user.",SQL,Security & Vulnerability Risks
SQL-SEC-020,Error messages that reveal too much information about the database schema or structure.,Aids an attacker in mapping out the database for further attacks.,SQL,Security & Vulnerability Risks
SQL-SEC-021,Lack of security configuration reviews and regular vulnerability scanning.,Misconfigurations and vulnerabilities persist undetected.,SQL,Security & Vulnerability Risks
SQL-SEC-022,Ad-hoc SQL execution by unauthorized personnel.,"Accidental data deletion/modification, unauthorized data extraction.",SQL,Security & Vulnerability Risks
SQL-SEC-023,"Failure to properly sanitize inputs for dynamic SQL, creating a secondary vector for injection.",SQL injection even when parameterized queries are used elsewhere.,SQL,Security & Vulnerability Risks
SQL-SEC-024,"Database links or linked servers configured with powerful, shared credentials.","Lateral movement between database servers, expanding the scope of a breach.",SQL,Security & Vulnerability Risks
SQL-SEC-025,Sensitive data being written to transaction logs without encryption (TDE).,Sensitive data can be recovered from log files or backups of logs.,SQL,Security & Vulnerability Risks
SQL-PERF-001,"Inefficient queries with missing or poor indexing, leading to full table scans.","Slow application response times, high CPU and I/O on the database server.",SQL,Performance & Scalability Risks
SQL-PERF-002,Runaway queries (e.g., Cartesian products) consuming all server resources.,"Database server becomes unresponsive, affecting all connected applications.",SQL,Performance & Scalability Risks
SQL-PERF-003,Excessive blocking and deadlocking due to poor transaction management and query design.,"Application errors, slow performance, and failed transactions.",SQL,Performance & Scalability Risks
SQL-PERF-004,"Outdated statistics, causing the query optimizer to choose suboptimal execution plans.",Sudden and dramatic performance degradation of previously fast queries.,SQL,Performance & Scalability Risks
SQL-PERF-005,"Inadequate hardware resources (CPU, RAM, I/O) for the workload, especially for on-premise servers.","System-wide performance bottlenecks, inability to scale with user or data growth.",SQL,Performance & Scalability Risks
SQL-PERF-006,"Implicit conversions in queries, forcing index scans instead of seeks.",Hidden performance issues that are difficult to diagnose.,SQL,Performance & Scalability Risks
SQL-PERF-007,"Over-indexing a table, which slows down data modification operations (INSERT, UPDATE, DELETE).","Slow write performance, increased storage usage.",SQL,Performance & Scalability Risks
SQL-PERF-008,"High index fragmentation, leading to excess I/O and slower index scans.",Gradual degradation of query performance over time.,SQL,Performance & Scalability Risks
SQL-PERF-009,Using cursors or other row-by-row processing instead of set-based operations.,Poorly scalable code that performs exponentially worse with larger data volumes.,SQL,Performance & Scalability Risks
SQL-PERF-010,"Lack of connection pooling in applications, leading to high overhead for connection setup/teardown.","Connection limit exhaustion, slow application performance.",SQL,Performance & Scalability Risks
SQL-PERF-011,"Misconfigured max degree of parallelism (MAXDOP) settings, leading to inefficient parallel execution or thread contention.","Suboptimal query performance, CPU resource exhaustion.",SQL,Performance & Scalability Risks
SQL-PERF-012,Transaction log growth and performance issues due to long-running transactions or misconfigured log files.,"Write operations slow down, risk of 'log full' errors that halt the database.",SQL,Performance & Scalability Risks
SQL-PERF-013,"Using scalar-valued user-defined functions (UDFs) in WHERE clauses, preventing parallel execution.",Severe performance degradation that is not immediately obvious from the query text.,SQL,Performance & Scalability Risks
SQL-PERF-014,"Selecting all columns (`SELECT *`) when only a few are needed, especially for large tables.","Increased network traffic, higher memory consumption, and missed opportunities for index-only retrieval.",SQL,Performance & Scalability Risks
SQL-PERF-015,"TempDB contention caused by heavy use of temporary tables, table variables, or sorting operations.",A global bottleneck affecting all sessions on the server.,SQL,Performance & Scalability Risks
SQL-PERF-016,"Lack of a query monitoring and baselining tool, making it difficult to identify performance regressions.",Inability to proactively detect and resolve performance issues.,SQL,Performance & Scalability Risks
SQL-PERF-017,Inappropriate data types (e.g., using NVARCHAR for numeric data) leading to larger storage footprint and slower processing.,"Wasted memory and disk space, slower query execution due to larger data pages.",SQL,Performance & Scalability Risks
SQL-PERF-018,"Fixed-size, on-premise architecture cannot scale to meet sudden peaks in demand.",Performance degradation or service outages during peak business hours.,SQL,Performance & Scalability Risks
SQL-PERF-019,"Holding locks for too long in application code, blocking other users.","Poor concurrency, application timeouts.",SQL,Performance & Scalability Risks
SQL-PERF-020,Using 'NOLOCK' or 'READ UNCOMMITTED' as a performance fix, leading to dirty reads.,"Application receives incorrect, uncommitted data, leading to logical corruption.",SQL,Performance & Scalability Risks
SQL-PERF-021,Inefficient trigger logic that fires on every row modification.,"Significant overhead on INSERT/UPDATE/DELETE operations, hard-to-diagnose performance issues.",SQL,Performance & Scalability Risks
SQL-PERF-022,"Database is hosted on a shared, noisy-neighbor virtualization platform.",Unpredictable I/O and CPU performance.,SQL,Performance & Scalability Risks
SQL-PERF-023,Not using partitioning for very large tables (VLDBs).,Maintenance operations (e.g., index rebuilds) cause massive outages; queries cannot benefit from partition elimination.,SQL,Performance & Scalability Risks
SQL-PERF-024,Parameter sniffing issues where a cached plan is optimal for one parameter value but terrible for others.,Inconsistent and unpredictable query performance.,SQL,Performance & Scalability Risks
SQL-PERF-025,"Chatty applications that make many small, frequent queries instead of a single, more comprehensive one.","High network latency overhead, excessive database round-trips.",SQL,Performance & Scalability Risks
SQL-DDE-001,"Inconsistent or non-existent naming conventions for tables, columns, and stored procedures.","Difficult to understand schema, increased cognitive load for developers, error-prone queries.",SQL,Design & Developer Experience
SQL-DDE-002,Database schema version control (e.g., using a tool like Flyway or Liquibase) is lacking.,Inability to track or roll back schema changes; chaotic deployments; environment drift.,SQL,Design & Developer Experience
SQL-DDE-003,Embedding complex business logic in stored procedures or triggers instead of the application layer.,"Difficult to test, debug, and version; vendor lock-in; logic is hidden from application developers.",SQL,Design & Developer Experience
SQL-DDE-004,Over-normalization or under-normalization of the database schema.,"Overly complex queries with many joins, or data anomalies and redundancy.",SQL,Design & Developer Experience
SQL-DDE-005,"Lack of documentation for the data model, stored procedures, and data lineage.",High learning curve for new developers; risk of misinterpreting data; slow development.,SQL,Design & Developer Experience
SQL-DDE-006,Using proprietary SQL extensions that lock the application into a specific database vendor.,High cost and effort to migrate to a different database system in the future.,SQL,Design & Developer Experience
SQL-DDE-007,No standardized approach to error handling within stored procedures.,Inconsistent error reporting to the application; transactions left open; silent failures.,SQL,Design & Developer Experience
SQL-DDE-008,"Developers lack access to realistic, anonymized data in lower environments.",Bugs are found late in the cycle; performance issues are not discovered until production.,SQL,Design & Developer Experience
SQL-DDE-009,Absence of a peer review process for SQL code and schema changes.,"Poor quality code, security vulnerabilities, and performance issues are deployed to production.",SQL,Design & Developer Experience
SQL-DDE-010,"Using SQL as a procedural job-processing queue, which it is not designed for.","Complex, brittle, and unscalable process management; high risk of locking issues.",SQL,Design & Developer Experience
SQL-DDE-011,"Lack of a component-based design (e.g., reusable UDFs, table types, procedures).","Duplicated code, inconsistent logic, high maintenance overhead.",SQL,Design & Developer Experience
SQL-DDE-012,Difficulty in setting up local database instances for isolated development and testing.,"Developers work on a shared server, causing conflicts and reducing productivity.",SQL,Design & Developer Experience
SQL-DDE-013,"Schema design does not account for future requirements, requiring frequent, breaking changes.","High cost of change, application downtime, and developer churn.",SQL,Design & Developer Experience
SQL-DDE-014,Mixing different data models (e.g., relational, document) within the same database without clear purpose.,"Confusing design, misuse of features, and suboptimal performance.",SQL,Design & Developer Experience
SQL-DDE-015,No automated testing framework for database code (e.g., tSQLt, pgTAP).,Regressions are not caught; testing is manual and error-prone.,SQL,Design & Developer Experience
SQL-DDE-016,Relying on Object-Relational Mappers (ORMs) that generate highly inefficient SQL.,"Developers are disconnected from the underlying SQL, leading to hidden performance problems.",SQL,Design & Developer Experience
SQL-DDE-017,Inconsistent use of NULLs and their meaning (e.g., 'Unknown' vs. 'Not Applicable').,"Ambiguous data, complex queries with COALESCE/ISNULL, application bugs.",SQL,Design & Developer Experience
SQL-DDE-018,Lack of foreign key constraints to enforce referential integrity.,"Orphaned records, data corruption, and data integrity issues that must be handled by the application.",SQL,Design & Developer Experience
SQL-DDE-019,Using 'magic numbers' or hardcoded strings in queries instead of lookup tables or constants.,Code is difficult to read and maintain; changes require code deployments.,SQL,Design & Developer Experience
SQL-DDE-020,"The database schema is treated as a 'dumb data store' with all logic in the application, missing opportunities for data integrity and performance.",Data integrity is not centrally enforced; risk of 'bad data' from multiple applications.,SQL,Design & Developer Experience
SQL-DDE-021,"Monolithic database design where multiple, unrelated applications share the same database.",High coupling between applications; a change for one can break another; security boundaries are weak.,SQL,Design & Developer Experience
SQL-DDE-022,"Poor choice of primary keys (e.g., using large, non-sequential string columns).","Index fragmentation, slower joins, and larger index sizes.",SQL,Design & Developer Experience
SQL-DDE-023,Lack of a clear data archiving or deletion strategy in the design.,"Tables grow indefinitely, leading to performance degradation and increased storage costs.",SQL,Design & Developer Experience
SQL-DDE-024,Developers are not trained on how to read and interpret query execution plans.,Inability to self-diagnose and fix performance issues in their own queries.,SQL,Design & Developer Experience
SQL-DDE-025,The design does not support temporal data (tracking changes over time).,"Inability to answer historical questions or audit data changes without complex, manual queries.",SQL,Design & Developer Experience
SQL-GOV-001,Lack of a robust backup and recovery plan that is regularly tested.,Data loss and extended downtime in the event of a failure or disaster.,SQL,Governance & Operational Risks
SQL-GOV-002,No formal change management process for deploying schema or code changes to production.,Unauthorized or untested changes cause production outages.,SQL,Governance & Operational Risks
SQL-GOV-003,"Absence of a data governance framework defining data owners, stewards, and quality standards.",Lack of accountability for data quality; inconsistent data definitions across the enterprise.,SQL,Governance & Operational Risks
SQL-GOV-004,"High operational cost and effort for patching, upgrading, and maintaining on-premise SQL servers.",High TCO; DBA team is focused on maintenance instead of proactive improvements.,SQL,Governance & Operational Risks
SQL-GOV-005,"Database license and feature usage is not tracked, leading to compliance issues or unnecessary costs.",Large, unbudgeted true-up costs from vendor audits.,SQL,Governance & Operational Risks
SQL-GOV-006,"Lack of proactive monitoring and alerting for performance, availability, and capacity.",Issues are only discovered after they impact users; reactive firefighting mode.,SQL,Governance & Operational Risks
SQL-GOV-007,"DBA team is a bottleneck for development, slowing down release cycles.","Delayed projects, developer frustration, and rise of 'shadow IT' databases.",SQL,Governance & Operational Risks
SQL-GOV-008,"Inconsistent configurations between development, testing, and production environments.","Code that works in one environment fails in another, causing deployment failures.",SQL,Governance & Operational Risks
SQL-GOV-009,"No clear data retention and archiving policy, leading to infinite data growth.","Spiraling storage costs, degraded performance, and increased compliance risk.",SQL,Governance & Operational Risks
SQL-GOV-010,Heavy vendor lock-in due to reliance on a single database technology and its proprietary features.,Reduced negotiating power with the vendor; high cost to migrate to other platforms.,SQL,Governance & Operational Risks
SQL-GOV-011,Lack of a central data dictionary or metadata catalog.,"Users and developers cannot find, understand, or trust the data.",SQL,Governance & Operational Risks
SQL-GOV-012,"Inadequate capacity planning, leading to unexpected resource exhaustion.","Service outages, emergency hardware procurement.",SQL,Governance & Operational Risks
SQL-GOV-013,Failure to regularly perform database maintenance tasks (e.g., index rebuilds, statistics updates).,Gradual but significant performance degradation over time.,SQL,Governance & Operational Risks
SQL-GOV-014,Key person dependency on one or two senior DBAs.,Operations are at high risk if a key person leaves or is unavailable.,SQL,Governance & Operational Risks
SQL-GOV-015,No process for decommissioning unused databases or tables.,Wasted resources (storage, licenses, maintenance effort) and security risks from unmanaged data.,SQL,Governance & Operational Risks
SQL-GOV-016,"Data classification is not performed, so all data is treated with the same level of security.",Over-protection of non-sensitive data and under-protection of critical data.,SQL,Governance & Operational Risks
SQL-GOV-017,Disaster Recovery (DR) site is not regularly tested or maintained.,"Inability to fail over during a real disaster, failure to meet RTO/RPO.",SQL,Governance & Operational Risks
SQL-GOV-018,Lack of a security incident response plan specific to the database.,Chaotic and ineffective response in the event of a data breach.,SQL,Governance & Operational Risks
SQL-GOV-019,No cost allocation or chargeback model for database usage.,No incentive for application owners to use resources efficiently.,SQL,Governance & Operational Risks
SQL-GOV-020,Database upgrades are frequently postponed due to application compatibility concerns.,"Running on unsupported versions, exposure to unpatched security vulnerabilities.",SQL,Governance & Operational Risks
SQL-GOV-021,Sprawl of ad-hoc databases created outside of IT governance ('Shadow IT').,"Unsecured, un-backed-up data; data silos; compliance violations.",SQL,Governance & Operational Risks
SQL-GOV-022,SLAs for database availability and performance are not defined or measured.,Misaligned expectations between IT and the business.,SQL,Governance & Operational Risks
SQL-GOV-023,Access reviews for privileged database accounts are not performed regularly.,Accumulation of excessive privileges over time ('privilege creep').,SQL,Governance & Operational Risks
SQL-GOV-024,Lack of automation for routine DBA tasks.,"High manual effort, risk of human error, and slow response times.",SQL,Governance & Operational Risks
SQL-GOV-025,The role of the DBA has not evolved to support modern DevOps and cloud practices.,The database team becomes a blocker to agility and innovation.,SQL,Governance & Operational Risks
SQL-AI-001,Relational databases are not optimized for storing or querying unstructured data (text, images) needed for many AI models.,Inability to support modern AI use cases; data must be moved to specialized systems.,SQL,AI & Data Engineering Specific Risks
SQL-AI-002,Performing complex feature engineering using only SQL can be slow and computationally expensive.,Data preparation becomes a bottleneck in the ML lifecycle; hinders rapid experimentation.,SQL,AI & Data Engineering Specific Risks
SQL-AI-003,"Data quality issues within SQL tables (e.g., nulls, outliers, inconsistencies) directly harm the performance of ML models.",Models are inaccurate or biased; 'Garbage In, Garbage Out'.,SQL,AI & Data Engineering Specific Risks
SQL-AI-004,"Data is siloed in multiple SQL databases, making it difficult to create a unified view for training holistic models.","Models are trained on incomplete data, leading to suboptimal predictions.",SQL,AI & Data Engineering Specific Risks
SQL-AI-005,"Lack of data versioning capabilities, making it hard to reproduce ML experiments and audit model training.",Inability to trace a model's results back to the exact data it was trained on.,SQL,AI & Data Engineering Specific Risks
SQL-AI-006,On-premise SQL servers lack the elastic scalability needed for large-scale data processing and model training.,"Data engineering tasks take too long or are not feasible, limiting the scope of AI projects.",SQL,AI & Data Engineering Specific Risks
SQL-AI-007,The impedance mismatch between SQL's set-based model and the data frame/tensor model of ML libraries requires costly data extraction and conversion.,Inefficient data movement and serialization overhead between the database and ML frameworks.,SQL,AI & Data Engineering Specific Risks
SQL-AI-008,SQL databases are often a bottleneck for serving features at low latency for real-time model inference.,Inability to meet the performance requirements of online prediction systems.,SQL,AI & Data Engineering Specific Risks
SQL-AI-009,"The skills of traditional DBAs do not typically include data science or MLOps, creating a gap in supporting AI workloads.",Friction between teams; AI/ML teams are not adequately supported by the data platform.,SQL,AI & Data Engineering Specific Risks
SQL-AI-010,"Model-data drift occurs as data in SQL tables changes over time, but models are not retrained, leading to degraded accuracy.","Models become stale and unreliable, making incorrect predictions in production.",SQL,AI & Data Engineering Specific Risks
SQL-AI-011,Lack of a centralized feature store means feature engineering logic in SQL is duplicated across multiple projects.,"Wasted effort, inconsistent feature definitions, and difficulty in sharing features.",SQL,AI & Data Engineering Specific Risks
SQL-AI-012,Data access patterns for ML training (large, full-table scans) conflict with traditional OLTP workloads (small, indexed lookups).,Analytical queries for ML can degrade the performance of critical business applications.,SQL,AI & Data Engineering Specific Risks
SQL-AI-013,SQL auditing may not capture the context needed for AI explainability and bias detection.,"Difficult to prove why a model made a certain decision, which is a regulatory risk.",SQL,AI & Data Engineering Specific Risks
SQL-AI-014,The process of getting new data sources provisioned and accessible via SQL is too slow for agile data science teams.,"Data scientists are blocked waiting for data, slowing down innovation.",SQL,AI & Data Engineering Specific Risks
SQL-AI-015,Using the production OLTP database directly for analytics and model training.,High risk of impacting the performance and availability of the live application.,SQL,AI & Data Engineering Specific Risks
SQL-AI-016,SQL-based data anonymization techniques may not preserve the statistical properties of the data needed for accurate model training.,Models trained on poorly anonymized data may not perform well on real data.,SQL,AI & Data Engineering Specific Risks
SQL-AI-017,The database schema is too rigid to accommodate the evolving data needs of exploratory data analysis.,Schema changes become a bottleneck for data scientists trying to incorporate new data points.,SQL,AI & Data Engineering Specific Risks
SQL-AI-018,"Lack of native support for vector data types and similarity search, which are essential for generative AI and search applications.",Inability to support modern AI use cases like RAG (Retrieval-Augmented Generation).,SQL,AI & Data Engineering Specific Risks
SQL-AI-019,The cost of storing massive datasets for ML in a high-performance SQL database can be prohibitive.,"Data is archived too early or not collected at all, limiting the data available for training.",SQL,AI & Data Engineering Specific Risks
SQL-AI-020,In-database ML features are often proprietary and less powerful than dedicated ML libraries (e.g., scikit-learn, TensorFlow).,Vendor lock-in for suboptimal ML capabilities.,SQL,AI & Data Engineering Specific Risks
SQL-AI-021,Data movement from on-premise SQL databases to cloud-based ML platforms is slow and costly.,Hinders the adoption of powerful cloud-native AI services.,SQL,AI & Data Engineering Specific Risks
SQL-AI-022,SQL access controls are not granular enough to manage access to specific subsets of data for different ML experiments.,Security and governance challenges in multi-tenant data science environments.,SQL,AI & Data Engineering Specific Risks
SQL-AI-023,The database cannot be easily integrated into automated MLOps pipelines for continuous training and deployment (CT/CD).,"ML processes remain manual, slow, and error-prone.",SQL,AI & Data Engineering Specific Risks
SQL-AI-024,Transformations applied in SQL to handle nulls or default values can inadvertently introduce bias into the training dataset.,"Models make biased predictions, leading to fairness and ethical concerns.",SQL,AI & Data Engineering Specific Risks
SQL-AI-025,The traditional role of a DBA is not equipped to govern or manage the lifecycle of data used for AI models.,"Lack of governance over training data, feature sets, and model lineage.",SQL,AI & Data Engineering Specific Risks